<?xml version="1.0"?>
<doc>
    <assembly>
        <name>ThoughtWorks.Selenium.Core</name>
    </assembly>
    <members>
        <member name="T:Selenium.DefaultSeleneseCommand">
            <summary>
            A representation of a single Selenese Command
            </summary>
        </member>
        <member name="T:Selenium.ISeleneseCommand">
            <summary>
            Summary description for SeleneseCommand.
            </summary>
        </member>
        <member name="P:Selenium.ISeleneseCommand.CommandString">
            <summary>
            A string representation of this command
            </summary>
        </member>
        <member name="M:Selenium.DefaultSeleneseCommand.#ctor(System.String,System.String[])">
            <summary>
            Creates a command with the specified arguments
            </summary>
            <param name="command">the name of the command to run</param>
            <param name="args">its arguments (convert non-string arguments to strings)</param>
        </member>
        <member name="M:Selenium.DefaultSeleneseCommand.Parse(System.String)">
            <summary>
            Parses a "wiki-style" command string, like this: |type|q|Hello World|
            </summary>
            <param name="commandString">a wiki-style command string to parse</param>
            <returns>a Selenese Command object that implements the command string</returns>
        </member>
        <member name="P:Selenium.DefaultSeleneseCommand.CommandString">
            <summary>
            The string token that we'll send to the server
            </summary>
        </member>
        <member name="P:Selenium.DefaultSeleneseCommand.Command">
            <summary>
            The name of the Selenium command verb
            </summary>
        </member>
        <member name="P:Selenium.DefaultSeleneseCommand.Args">
            <summary>
            The array of arguments for this command
            </summary>
        </member>
        <member name="T:Selenium.DefaultSelenium">
            <summary>Defines an object that runs Selenium commands.
            
            <h3><a name="locators"></a>Element Locators</h3><p>
            Element Locators tell Selenium which HTML element a command refers to. Many
            commands require an Element Locator as a parameter.
            
            We support the following strategies for locating elements:
            </p><blockquote><dl><dt><strong>identifier</strong>=<em>id</em></dt><dd>Select the element with the specified @id attribute. If no match is
            found, select the first element whose @name attribute is <em>id</em>.
            (This is normally the default; see below.)</dd><dt><strong>id</strong>=<em>id</em></dt><dd>Select the element with the specified @id attribute.</dd><dt><strong>name</strong>=<em>name</em></dt><dd>Select the first element with the specified @name attribute.</dd><dt><strong>dom</strong>=<em>javascriptExpression</em></dt><dd><dd>Find an element using JavaScript traversal of the HTML Document Object
            Model. DOM locators <em>must</em> begin with "document.".
            <ul class="first last simple"><li>dom=document.forms['myForm'].myDropdown</li><li>dom=document.images[56]</li></ul></dd></dd><dt><strong>xpath</strong>=<em>xpathExpression</em></dt><dd>Locate an element using an XPath expression. XPath locators
            <em>must</em> begin with "//".
            <ul class="first last simple"><li>xpath=//img[@alt='The image alt text']</li><li>xpath=//table[@id='table1']//tr[4]/td[2]</li></ul></dd><dt><strong>link</strong>=<em>textPattern</em></dt><dd>Select the link (anchor) element which contains text matching the
            specified <em>pattern</em>.
            <ul class="first last simple"><li>link=The link text</li></ul></dd></dl></blockquote><p>
            Without an explicit locator prefix, Selenium uses the following default
            strategies:
            </p><ul class="simple"><li><strong>dom</strong>, for locators starting with "document."</li><li><strong>xpath</strong>, for locators starting with "//"</li><li><strong>identifier</strong>, otherwise</li></ul><h3><a name="patterns"></a>String-match Patterns</h3><p>
            Various Pattern syntaxes are available for matching string values:
            </p><blockquote><dl><dt><strong>glob:</strong><em>pattern</em></dt><dd>Match a string against a "glob" (aka "wildmat") pattern. "Glob" is a
            kind of limited regular-expression syntax typically used in command-line
            shells. In a glob pattern, "*" represents any sequence of characters, and "?"
            represents any single character. Glob patterns match against the entire
            string.</dd><dt><strong>regexp:</strong><em>regexp</em></dt><dd>Match a string using a regular-expression. The full power of JavaScript
            regular-expressions is available.</dd><dt><strong>exact:</strong><em>string</em></dt><dd>Match a string exactly, verbatim, without any of that fancy wildcard
            stuff.</dd></dl></blockquote><p>
            If no pattern prefix is specified, Selenium assumes that it's a "glob"
            pattern.
            </p>
            </summary>
        </member>
        <member name="T:Selenium.ISelenium">
            <summary>Defines an object that runs Selenium commands.
            
            <h3><a name="locators"></a>Element Locators</h3><p>
            Element Locators tell Selenium which HTML element a command refers to. Many
            commands require an Element Locator as a parameter.
            
            We support the following strategies for locating elements:
            </p><blockquote><dl><dt><strong>identifier</strong>=<em>id</em></dt><dd>Select the element with the specified @id attribute. If no match is
            found, select the first element whose @name attribute is <em>id</em>.
            (This is normally the default; see below.)</dd><dt><strong>id</strong>=<em>id</em></dt><dd>Select the element with the specified @id attribute.</dd><dt><strong>name</strong>=<em>name</em></dt><dd>Select the first element with the specified @name attribute.</dd><dt><strong>dom</strong>=<em>javascriptExpression</em></dt><dd><dd>Find an element using JavaScript traversal of the HTML Document Object
            Model. DOM locators <em>must</em> begin with "document.".
            <ul class="first last simple"><li>dom=document.forms['myForm'].myDropdown</li><li>dom=document.images[56]</li></ul></dd></dd><dt><strong>xpath</strong>=<em>xpathExpression</em></dt><dd>Locate an element using an XPath expression. XPath locators
            <em>must</em> begin with "//".
            <ul class="first last simple"><li>xpath=//img[@alt='The image alt text']</li><li>xpath=//table[@id='table1']//tr[4]/td[2]</li></ul></dd><dt><strong>link</strong>=<em>textPattern</em></dt><dd>Select the link (anchor) element which contains text matching the
            specified <em>pattern</em>.
            <ul class="first last simple"><li>link=The link text</li></ul></dd></dl></blockquote><p>
            Without an explicit locator prefix, Selenium uses the following default
            strategies:
            </p><ul class="simple"><li><strong>dom</strong>, for locators starting with "document."</li><li><strong>xpath</strong>, for locators starting with "//"</li><li><strong>identifier</strong>, otherwise</li></ul><h3><a name="patterns"></a>String-match Patterns</h3><p>
            Various Pattern syntaxes are available for matching string values:
            </p><blockquote><dl><dt><strong>glob:</strong><em>pattern</em></dt><dd>Match a string against a "glob" (aka "wildmat") pattern. "Glob" is a
            kind of limited regular-expression syntax typically used in command-line
            shells. In a glob pattern, "*" represents any sequence of characters, and "?"
            represents any single character. Glob patterns match against the entire
            string.</dd><dt><strong>regexp:</strong><em>regexp</em></dt><dd>Match a string using a regular-expression. The full power of JavaScript
            regular-expressions is available.</dd><dt><strong>exact:</strong><em>string</em></dt><dd>Match a string exactly, verbatim, without any of that fancy wildcard
            stuff.</dd></dl></blockquote><p>
            If no pattern prefix is specified, Selenium assumes that it's a "glob"
            pattern.
            </p>
            </summary>
        </member>
        <member name="M:Selenium.ISelenium.Start">
            <summary>
            Launches the browser with a new Selenium session
            </summary>
        </member>
        <member name="M:Selenium.ISelenium.Stop">
            <summary>
            Ends the test session, killing the browser
            </summary>
        </member>
        <member name="M:Selenium.ISelenium.Click(System.String)">
            <summary>Clicks on a link, button, checkbox or radio button. If the click action
            causes a new page to load (like a link usually does), call
            waitForPageToLoad.
            </summary>
            <param name="locator">an element locator</param>
        </member>
        <member name="M:Selenium.ISelenium.FireEvent(System.String,System.String)">
            <summary>Explicitly simulate an event, to trigger the corresponding "on<em>event</em>"
            handler.
            </summary>
            <param name="locator">an <a href="#locators">element locator</a></param>
            <param name="eventName">the event name, e.g. "focus" or "blur"</param>
        </member>
        <member name="M:Selenium.ISelenium.KeyPress(System.String,System.String)">
            <summary>Simulates a user pressing and releasing a key.
            </summary>
            <param name="locator">an <a href="#locators">element locator</a></param>
            <param name="keycode">the numeric keycode of the key to be pressed, normally the
                        ASCII value of that key.</param>
        </member>
        <member name="M:Selenium.ISelenium.KeyDown(System.String,System.String)">
            <summary>Simulates a user pressing a key (without releasing it yet).
            </summary>
            <param name="locator">an <a href="#locators">element locator</a></param>
            <param name="keycode">the numeric keycode of the key to be pressed, normally the
                        ASCII value of that key.</param>
        </member>
        <member name="M:Selenium.ISelenium.KeyUp(System.String,System.String)">
            <summary>Simulates a user releasing a key.
            </summary>
            <param name="locator">an <a href="#locators">element locator</a></param>
            <param name="keycode">the numeric keycode of the key to be released, normally the
                        ASCII value of that key.</param>
        </member>
        <member name="M:Selenium.ISelenium.MouseOver(System.String)">
            <summary>Simulates a user hovering a mouse over the specified element.
            </summary>
            <param name="locator">an <a href="#locators">element locator</a></param>
        </member>
        <member name="M:Selenium.ISelenium.MouseDown(System.String)">
            <summary>Simulates a user pressing the mouse button (without releasing it yet) on
            the specified element.
            </summary>
            <param name="locator">an <a href="#locators">element locator</a></param>
        </member>
        <member name="M:Selenium.ISelenium.Type(System.String,System.String)">
            <summary>Sets the value of an input field, as though you typed it in.
            
            <p>Can also be used to set the value of combo boxes, check boxes, etc. In these cases,
            value should be the value of the option selected, not the visible text.</p>
            </summary>
            <param name="locator">an <a href="#locators">element locator</a></param>
            <param name="value">the value to type</param>
        </member>
        <member name="M:Selenium.ISelenium.Check(System.String)">
            <summary>Check a toggle-button (checkbox/radio)
            </summary>
            <param name="locator">an <a href="#locators">element locator</a></param>
        </member>
        <member name="M:Selenium.ISelenium.Uncheck(System.String)">
            <summary>Uncheck a toggle-button (checkbox/radio)
            </summary>
            <param name="locator">an <a href="#locators">element locator</a></param>
        </member>
        <member name="M:Selenium.ISelenium.Select(System.String,System.String)">
            <summary>Select an option from a drop-down using an option locator.
            
            <p>
            Option locators provide different ways of specifying options of an HTML
            Select element (e.g. for selecting a specific option, or for asserting
            that the selected option satisfies a specification). There are several
            forms of Select Option Locator.
            </p><dl><dt><strong>label</strong>=<em>labelPattern</em></dt><dd>matches options based on their labels, i.e. the visible text. (This
            is the default.)
            <ul class="first last simple"><li>label=regexp:^[Oo]ther</li></ul></dd><dt><strong>value</strong>=<em>valuePattern</em></dt><dd>matches options based on their values.
            <ul class="first last simple"><li>value=other</li></ul></dd><dt><strong>id</strong>=<em>id</em></dt><dd>matches options based on their ids.
            <ul class="first last simple"><li>id=option1</li></ul></dd><dt><strong>index</strong>=<em>index</em></dt><dd>matches an option based on its index (offset from zero).
            <ul class="first last simple"><li>index=2</li></ul></dd></dl><p>
            Without a prefix, the default behaviour is to only match on labels.
            </p>
            </summary>
            <param name="locator">an <a href="#locators">element locator</a> identifying a drop-down menu</param>
            <param name="optionLocator">an option locator (a label by default)</param>
        </member>
        <member name="M:Selenium.ISelenium.AddSelection(System.String,System.String)">
            <summary>Add a selection to the set of selected options in a multi-select element using an option locator.
            
            @see #doSelect for details of option locators
            </summary>
            <param name="locator">an <a href="#locators">element locator</a> identifying a multi-select box</param>
            <param name="optionLocator">an option locator (a label by default)</param>
        </member>
        <member name="M:Selenium.ISelenium.RemoveSelection(System.String,System.String)">
            <summary>Remove a selection from the set of selected options in a multi-select element using an option locator.
            
            @see #doSelect for details of option locators
            </summary>
            <param name="locator">an <a href="#locators">element locator</a> identifying a multi-select box</param>
            <param name="optionLocator">an option locator (a label by default)</param>
        </member>
        <member name="M:Selenium.ISelenium.Submit(System.String)">
            <summary>Submit the specified form. This is particularly useful for forms without
            submit buttons, e.g. single-input "Search" forms.
            </summary>
            <param name="formLocator">an <a href="#locators">element locator</a> for the form you want to submit</param>
        </member>
        <member name="M:Selenium.ISelenium.Open(System.String)">
            <summary>Opens an URL in the test frame. This accepts both relative and absolute
            URLs.
            
            <em>Note</em>: The URL must be on the same domain as the runner HTML
            due to security restrictions in the browser (Same Origin Policy). If you
            need to open an URL on another domain, use the Selenium Server to start a
            new browser session on that domain.
            </summary>
            <param name="url">the URL to open; may be relative or absolute</param>
        </member>
        <member name="M:Selenium.ISelenium.SelectWindow(System.String)">
            <summary>Selects a popup window; once a popup window has been selected, all
            commands go to that window. To select the main window again, use "null"
            as the target.
            </summary>
            <param name="windowID">the JavaScript window ID of the window to select</param>
        </member>
        <member name="M:Selenium.ISelenium.ChooseCancelOnNextConfirmation">
            <summary>Instructs Selenium to click "Cancel" on the next JavaScript confirmation
            dialog to be raised. By default, the confirm function will return true,
            having the same effect as manually clicking OK. After running this
            command, the next confirmation will behave as if the user had clicked
            Cancel.
            </summary>
        </member>
        <member name="M:Selenium.ISelenium.AnswerOnNextPrompt(System.String)">
            <summary>Instructs Selenium to return the specified answer string in response to
            the next JavaScript prompt [window.prompt()].
            </summary>
            <param name="answer">the answer to give in response to the prompt pop-up</param>
        </member>
        <member name="M:Selenium.ISelenium.GoBack">
            <summary>Simulates the user clicking the "back" button on their browser.
            </summary>
        </member>
        <member name="M:Selenium.ISelenium.Close">
            <summary>Simulates the user clicking the "close" button in the titlebar of a popup
            window or tab.
            </summary>
        </member>
        <member name="M:Selenium.ISelenium.GetAlert">
            <summary>Retrieves the message of a javascript alert generated during the previous action, or fail if there were no alerts.
            
            <p>Getting an alert has the same effect as manually clicking OK. If an
            alert is generated but you do not get/verify it, the next Selenium action
            will fail.</p><p>NOTE: under Selenium, javascript alerts will NOT pop up a visible alert
            dialog.</p><p>NOTE: Selenium does NOT support javascript alerts that are generated in a
            page's onload() event handler. In this case a visible dialog WILL be
            generated and Selenium will hang until someone manually clicks OK.</p>
            </summary>
            <returns>The message of the most recent JavaScript alert</returns>
        </member>
        <member name="M:Selenium.ISelenium.GetConfirmation">
            <summary>Retrieves the message of a javascript confirmation dialog generated during
            the previous action.
            
            <p>
            By default, the confirm function will return true, having the same effect
            as manually clicking OK. This can be changed by prior execution of the
            chooseCancelOnNextConfirmation command. If an confirmation is generated
            but you do not get/verify it, the next Selenium action will fail.
            </p><p>
            NOTE: under Selenium, javascript confirmations will NOT pop up a visible
            dialog.
            </p><p>
            NOTE: Selenium does NOT support javascript confirmations that are
            generated in a page's onload() event handler. In this case a visible
            dialog WILL be generated and Selenium will hang until you manually click
            OK.
            </p>
            </summary>
            <returns>the message of the most recent JavaScript confirmation dialog</returns>
        </member>
        <member name="M:Selenium.ISelenium.GetPrompt">
            <summary>Retrieves the message of a javascript question prompt dialog generated during
            the previous action.
            
            <p>Successful handling of the prompt requires prior execution of the
            answerOnNextPrompt command. If a prompt is generated but you
            do not get/verify it, the next Selenium action will fail.</p><p>NOTE: under Selenium, javascript prompts will NOT pop up a visible
            dialog.</p><p>NOTE: Selenium does NOT support javascript prompts that are generated in a
            page's onload() event handler. In this case a visible dialog WILL be
            generated and Selenium will hang until someone manually clicks OK.</p>
            </summary>
            <returns>the message of the most recent JavaScript question prompt</returns>
        </member>
        <member name="M:Selenium.ISelenium.GetAbsoluteLocation">
            <summary>Gets the absolute URL of the current page.
            </summary>
            <returns>the absolute URL of the current page</returns>
        </member>
        <member name="M:Selenium.ISelenium.AssertLocation(System.String)">
            <summary>Verify the location of the current page ends with the expected location.
            If an URL querystring is provided, this is checked as well.
            </summary>
            <param name="expectedLocation">the location to match</param>
        </member>
        <member name="M:Selenium.ISelenium.GetTitle">
            <summary>Gets the title of the current page.
            </summary>
            <returns>the title of the current page</returns>
        </member>
        <member name="M:Selenium.ISelenium.GetBodyText">
            <summary>Get the entire text of the page.
            </summary>
            <returns>the entire text of the page</returns>
        </member>
        <member name="M:Selenium.ISelenium.GetValue(System.String)">
            <summary>Gets the (whitespace-trimmed) value of an input field (or anything else with a value parameter).
            For checkbox/radio elements, the value will be "on" or "off" depending on
            whether the element is checked or not.
            </summary>
            <param name="locator">an <a href="#locators">element locator</a></param>
            <returns>the element value, or "on/off" for checkbox/radio elements</returns>
        </member>
        <member name="M:Selenium.ISelenium.GetText(System.String)">
            <summary>Gets the text of an element. This works for any element that contains
            text. This command uses either the textContent (Mozilla-like browsers) or
            the innerText (IE-like browsers) of the element, which is the rendered
            text shown to the user.
            </summary>
            <param name="locator">an <a href="#locators">element locator</a></param>
            <returns>the text of the element</returns>
        </member>
        <member name="M:Selenium.ISelenium.GetEval(System.String)">
            <summary>Gets the result of evaluating the specified JavaScript snippet.  The snippet may 
            have multiple lines, but only the result of the last line will be returned.
            
            <p>Note that, by default, the snippet will be run in the runner's test window, not in the window
            of your application.  To get the window of your application, you can use
            the JavaScript snippet <code>selenium.browserbot.getCurrentWindow()</code>, and then
            run your JavaScript in there.</p>
            </summary>
            <param name="script">the JavaScript snippet to run</param>
            <returns>the results of evaluating the snippet</returns>
        </member>
        <member name="M:Selenium.ISelenium.GetChecked(System.String)">
            <summary>Get whether a toggle-button (checkbox/radio) is checked.  Fails if the specified element doesn't exist or isn't a toggle-button.
            </summary>
            <param name="locator">an <a href="#locators">element locator</a> pointing to a checkbox or radio button</param>
            <returns>either "true" or "false" depending on whether the checkbox is checked</returns>
        </member>
        <member name="M:Selenium.ISelenium.GetTable(System.String)">
            <summary>Gets the text from a cell of a table. The cellAddress syntax
            tableLocator.row.column, where row and column start at 0.
            </summary>
            <param name="tableCellAddress">a cell address, e.g. "foo.1.4"</param>
            <returns>the text from the specified cell</returns>
        </member>
        <member name="M:Selenium.ISelenium.AssertSelected(System.String,System.String)">
            <summary>Verifies that the selected option of a drop-down satisfies the optionSpecifier.
            
            <p>See the select command for more information about option locators.</p>
            </summary>
            <param name="locator">an <a href="#locators">element locator</a></param>
            <param name="optionLocator">an option locator, typically just an option label (e.g. "John Smith")</param>
        </member>
        <member name="M:Selenium.ISelenium.GetSelectedOptions(System.String)">
            <summary>Gets all option labels for selected options in the specified select or multi-select element.
            </summary>
            <param name="locator">an <a href="#locators">element locator</a></param>
            <returns>an array of all option labels in the specified select drop-down</returns>
        </member>
        <member name="M:Selenium.ISelenium.GetSelectOptions(System.String)">
            <summary>Gets all option labels in the specified select drop-down.
            </summary>
            <param name="locator">an <a href="#locators">element locator</a></param>
            <returns>an array of all option labels in the specified select drop-down</returns>
        </member>
        <member name="M:Selenium.ISelenium.GetAttribute(System.String)">
            <summary>Gets the value of an element attribute.
            </summary>
            <param name="attributeLocator">an element locator followed by an</param>
            <returns>the value of the specified attribute</returns>
        </member>
        <member name="M:Selenium.ISelenium.AssertTextPresent(System.String)">
            <summary>Verifies that the specified text pattern appears somewhere on the rendered page shown to the user.
            </summary>
            <param name="pattern">a <a href="#patterns">pattern</a> to match with the text of the page</param>
        </member>
        <member name="M:Selenium.ISelenium.AssertTextNotPresent(System.String)">
            <summary>Verifies that the specified text pattern does NOT appear anywhere on the rendered page.
            </summary>
            <param name="pattern">a <a href="#patterns">pattern</a> to match with the text of the page</param>
        </member>
        <member name="M:Selenium.ISelenium.AssertElementPresent(System.String)">
            <summary>Verifies that the specified element is somewhere on the page.
            </summary>
            <param name="locator">an <a href="#locators">element locator</a></param>
        </member>
        <member name="M:Selenium.ISelenium.AssertElementNotPresent(System.String)">
            <summary>Verifies that the specified element is NOT on the page.
            </summary>
            <param name="locator">an <a href="#locators">element locator</a></param>
        </member>
        <member name="M:Selenium.ISelenium.AssertVisible(System.String)">
            <summary>Verifies that the specified element is both present and visible. An
            element can be rendered invisible by setting the CSS "visibility"
            property to "hidden", or the "display" property to "none", either for the
            element itself or one if its ancestors.
            </summary>
            <param name="locator">an <a href="#locators">element locator</a></param>
        </member>
        <member name="M:Selenium.ISelenium.AssertNotVisible(System.String)">
            <summary>Verifies that the specified element is NOT visible; elements that are
            simply not present are also considered invisible.
            </summary>
            <param name="locator">an <a href="#locators">element locator</a></param>
        </member>
        <member name="M:Selenium.ISelenium.AssertEditable(System.String)">
            <summary>Verifies that the specified element is editable, ie. it's an input
            element, and hasn't been disabled.
            </summary>
            <param name="locator">an <a href="#locators">element locator</a></param>
        </member>
        <member name="M:Selenium.ISelenium.AssertNotEditable(System.String)">
            <summary>Verifies that the specified element is NOT editable, ie. it's NOT an
            input element, or has been disabled.
            </summary>
            <param name="locator">an <a href="#locators">element locator</a></param>
        </member>
        <member name="M:Selenium.ISelenium.GetAllButtons">
            <summary>Returns the IDs of all buttons on the page.
            
            <p>If a given button has no ID, it will appear as "" in this array.</p>
            </summary>
            <returns>the IDs of all buttons on the page</returns>
        </member>
        <member name="M:Selenium.ISelenium.GetAllLinks">
            <summary>Returns the IDs of all links on the page.
            
            <p>If a given link has no ID, it will appear as "" in this array.</p>
            </summary>
            <returns>the IDs of all links on the page</returns>
        </member>
        <member name="M:Selenium.ISelenium.GetAllFields">
            <summary>Returns the IDs of all input fields on the page.
            
            <p>If a given field has no ID, it will appear as "" in this array.</p>
            </summary>
            <returns>the IDs of all field on the page</returns>
        </member>
        <member name="M:Selenium.ISelenium.SetContext(System.String,System.String)">
            <summary>Writes a message to the status bar and adds a note to the browser-side
            log.
            
            <p>If logLevelThreshold is specified, set the threshold for logging
            to that level (debug, info, warn, error).</p><p>(Note that the browser-side logs will <i>not</i> be sent back to the
            server, and are invisible to the Client Driver.)</p>
            </summary>
            <param name="context">the message to be sent to the browser</param>
            <param name="logLevelThreshold">one of "debug", "info", "warn", "error", sets the threshold for browser-side logging</param>
        </member>
        <member name="M:Selenium.ISelenium.GetExpression(System.String)">
            <summary>Return the specified expression.
            
            <p>This is useful because of JavaScript preprocessing.
            It is used to generate commands like assertExpression and storeExpression.</p>
            </summary>
            <param name="expression">the value to return</param>
            <returns>the value passed in</returns>
        </member>
        <member name="M:Selenium.ISelenium.WaitForCondition(System.String,System.String)">
            <summary>Runs the specified JavaScript snippet repeatedly until it evaluates to "true".
            The snippet may have multiple lines, but only the result of the last line
            will be considered.
            
            <p>Note that, by default, the snippet will be run in the runner's test window, not in the window
            of your application.  To get the window of your application, you can use
            the JavaScript snippet <code>selenium.browserbot.getCurrentWindow()</code>, and then
            run your JavaScript in there</p>
            </summary>
            <param name="script">the JavaScript snippet to run</param>
            <param name="timeout">a timeout in milliseconds, after which this command will return with an error</param>
        </member>
        <member name="M:Selenium.ISelenium.SetTimeout(System.String)">
            <summary>Specifies the amount of time that Selenium will wait for actions to complete.
            
            <p>Actions that require waiting include "open" and the "waitFor*" actions.</p>
            The default timeout is 30 seconds.
            </summary>
            <param name="timeout">a timeout in milliseconds, after which the action will return with an error</param>
        </member>
        <member name="M:Selenium.ISelenium.WaitForPageToLoad(System.String)">
            <summary>Waits for a new page to load.
            
            <p>You can use this command instead of the "AndWait" suffixes, "clickAndWait", "selectAndWait", "typeAndWait" etc.
            (which are only available in the JS API).</p><p>Selenium constantly keeps track of new pages loading, and sets a "newPageLoaded"
            flag when it first notices a page load.  Running any other Selenium command after
            turns the flag to false.  Hence, if you want to wait for a page to load, you must
            wait immediately after a Selenium command that caused a page-load.</p>
            </summary>
            <param name="timeout">a timeout in milliseconds, after which this command will return with an error</param>
        </member>
        <member name="M:Selenium.DefaultSelenium.#ctor(System.String,System.Int32,System.String,System.String)">
            <summary>
            Uses a CommandBridgeClient, specifying a server host/port, a command to launch the browser, and a starting URL for the browser.
            
            <p><i>browserString</i> may be any one of the following:</p>
            <ul>
            <li><code>*firefox [absolute path]</code> - Automatically launch a new Firefox process using a custom Firefox profile.
            This profile will be automatically configured to use the Selenium Server as a proxy and to have all annoying prompts
            ("save your password?" "forms are insecure" "make Firefox your default browser?" disabled.  You may optionally specify
            an absolute path to your firefox executable, or just say "*firefox".  If no absolute path is specified, we'll look for
            firefox.exe in a default location (normally c:\program files\mozilla firefox\firefox.exe), which you can override by
            setting the Java system property <code>firefoxDefaultPath</code> to the correct path to Firefox.</li>
            <li><code>*iexplore [absolute path]</code> - Automatically launch a new Internet Explorer process using custom Windows registry settings.
            This process will be automatically configured to use the Selenium Server as a proxy and to have all annoying prompts
            ("save your password?" "forms are insecure" "make Firefox your default browser?" disabled.  You may optionally specify
            an absolute path to your iexplore executable, or just say "*iexplore".  If no absolute path is specified, we'll look for
            iexplore.exe in a default location (normally c:\program files\internet explorer\iexplore.exe), which you can override by
            setting the Java system property <code>iexploreDefaultPath</code> to the correct path to Internet Explorer.</li>
            <li><code>/path/to/my/browser [other arguments]</code> - You may also simply specify the absolute path to your browser
            executable, or use a relative path to your executable (which we'll try to find on your path).  <b>Warning:</b> If you
            specify your own custom browser, it's up to you to configure it correctly.  At a minimum, you'll need to configure your
            browser to use the Selenium Server as a proxy, and disable all browser-specific prompting.</li>
            </ul>
            </summary>
            
            <param name="serverHost">the host name on which the Selenium Server resides</param>
            <param name="serverPort">the port on which the Selenium Server is listening</param>
            <param name="browserString">the command string used to launch the browser, e.g. "*firefox", "*iexplore" or "c:\\program files\\internet explorer\\iexplore.exe"</param>
            <param name="browserURL">the starting URL including just a domain name.  We'll start the browser pointing at the Selenium resources on this URL,
            e.g. "http://www.google.com" would send the browser to "http://www.google.com/selenium-server/SeleneseRunner.html"</param>
        </member>
        <member name="M:Selenium.DefaultSelenium.#ctor(Selenium.ICommandProcessor)">
            <summary>
            Uses an arbitrary CommandProcessor
            </summary>
        </member>
        <member name="M:Selenium.DefaultSelenium.Start">
            <summary>
            Starts a new Selenium testing session
            </summary>
        </member>
        <member name="M:Selenium.DefaultSelenium.Stop">
            <summary>
            Ends the current Selenium testing session (normally killing the browser)
            </summary>
        </member>
        <member name="M:Selenium.DefaultSelenium.Click(System.String)">
            <summary>Clicks on a link, button, checkbox or radio button. If the click action
            causes a new page to load (like a link usually does), call
            waitForPageToLoad.
            </summary>
            <param name="locator">an element locator</param>
        </member>
        <member name="M:Selenium.DefaultSelenium.FireEvent(System.String,System.String)">
            <summary>Explicitly simulate an event, to trigger the corresponding "on<em>event</em>"
            handler.
            </summary>
            <param name="locator">an <a href="#locators">element locator</a></param>
            <param name="eventName">the event name, e.g. "focus" or "blur"</param>
        </member>
        <member name="M:Selenium.DefaultSelenium.KeyPress(System.String,System.String)">
            <summary>Simulates a user pressing and releasing a key.
            </summary>
            <param name="locator">an <a href="#locators">element locator</a></param>
            <param name="keycode">the numeric keycode of the key to be pressed, normally the
                        ASCII value of that key.</param>
        </member>
        <member name="M:Selenium.DefaultSelenium.KeyDown(System.String,System.String)">
            <summary>Simulates a user pressing a key (without releasing it yet).
            </summary>
            <param name="locator">an <a href="#locators">element locator</a></param>
            <param name="keycode">the numeric keycode of the key to be pressed, normally the
                        ASCII value of that key.</param>
        </member>
        <member name="M:Selenium.DefaultSelenium.KeyUp(System.String,System.String)">
            <summary>Simulates a user releasing a key.
            </summary>
            <param name="locator">an <a href="#locators">element locator</a></param>
            <param name="keycode">the numeric keycode of the key to be released, normally the
                        ASCII value of that key.</param>
        </member>
        <member name="M:Selenium.DefaultSelenium.MouseOver(System.String)">
            <summary>Simulates a user hovering a mouse over the specified element.
            </summary>
            <param name="locator">an <a href="#locators">element locator</a></param>
        </member>
        <member name="M:Selenium.DefaultSelenium.MouseDown(System.String)">
            <summary>Simulates a user pressing the mouse button (without releasing it yet) on
            the specified element.
            </summary>
            <param name="locator">an <a href="#locators">element locator</a></param>
        </member>
        <member name="M:Selenium.DefaultSelenium.Type(System.String,System.String)">
            <summary>Sets the value of an input field, as though you typed it in.
            
            <p>Can also be used to set the value of combo boxes, check boxes, etc. In these cases,
            value should be the value of the option selected, not the visible text.</p>
            </summary>
            <param name="locator">an <a href="#locators">element locator</a></param>
            <param name="value">the value to type</param>
        </member>
        <member name="M:Selenium.DefaultSelenium.Check(System.String)">
            <summary>Check a toggle-button (checkbox/radio)
            </summary>
            <param name="locator">an <a href="#locators">element locator</a></param>
        </member>
        <member name="M:Selenium.DefaultSelenium.Uncheck(System.String)">
            <summary>Uncheck a toggle-button (checkbox/radio)
            </summary>
            <param name="locator">an <a href="#locators">element locator</a></param>
        </member>
        <member name="M:Selenium.DefaultSelenium.Select(System.String,System.String)">
            <summary>Select an option from a drop-down using an option locator.
            
            <p>
            Option locators provide different ways of specifying options of an HTML
            Select element (e.g. for selecting a specific option, or for asserting
            that the selected option satisfies a specification). There are several
            forms of Select Option Locator.
            </p><dl><dt><strong>label</strong>=<em>labelPattern</em></dt><dd>matches options based on their labels, i.e. the visible text. (This
            is the default.)
            <ul class="first last simple"><li>label=regexp:^[Oo]ther</li></ul></dd><dt><strong>value</strong>=<em>valuePattern</em></dt><dd>matches options based on their values.
            <ul class="first last simple"><li>value=other</li></ul></dd><dt><strong>id</strong>=<em>id</em></dt><dd>matches options based on their ids.
            <ul class="first last simple"><li>id=option1</li></ul></dd><dt><strong>index</strong>=<em>index</em></dt><dd>matches an option based on its index (offset from zero).
            <ul class="first last simple"><li>index=2</li></ul></dd></dl><p>
            Without a prefix, the default behaviour is to only match on labels.
            </p>
            </summary>
            <param name="locator">an <a href="#locators">element locator</a> identifying a drop-down menu</param>
            <param name="optionLocator">an option locator (a label by default)</param>
        </member>
        <member name="M:Selenium.DefaultSelenium.AddSelection(System.String,System.String)">
            <summary>Add a selection to the set of selected options in a multi-select element using an option locator.
            
            @see #doSelect for details of option locators
            </summary>
            <param name="locator">an <a href="#locators">element locator</a> identifying a multi-select box</param>
            <param name="optionLocator">an option locator (a label by default)</param>
        </member>
        <member name="M:Selenium.DefaultSelenium.RemoveSelection(System.String,System.String)">
            <summary>Remove a selection from the set of selected options in a multi-select element using an option locator.
            
            @see #doSelect for details of option locators
            </summary>
            <param name="locator">an <a href="#locators">element locator</a> identifying a multi-select box</param>
            <param name="optionLocator">an option locator (a label by default)</param>
        </member>
        <member name="M:Selenium.DefaultSelenium.Submit(System.String)">
            <summary>Submit the specified form. This is particularly useful for forms without
            submit buttons, e.g. single-input "Search" forms.
            </summary>
            <param name="formLocator">an <a href="#locators">element locator</a> for the form you want to submit</param>
        </member>
        <member name="M:Selenium.DefaultSelenium.Open(System.String)">
            <summary>Opens an URL in the test frame. This accepts both relative and absolute
            URLs.
            
            <em>Note</em>: The URL must be on the same domain as the runner HTML
            due to security restrictions in the browser (Same Origin Policy). If you
            need to open an URL on another domain, use the Selenium Server to start a
            new browser session on that domain.
            </summary>
            <param name="url">the URL to open; may be relative or absolute</param>
        </member>
        <member name="M:Selenium.DefaultSelenium.SelectWindow(System.String)">
            <summary>Selects a popup window; once a popup window has been selected, all
            commands go to that window. To select the main window again, use "null"
            as the target.
            </summary>
            <param name="windowID">the JavaScript window ID of the window to select</param>
        </member>
        <member name="M:Selenium.DefaultSelenium.ChooseCancelOnNextConfirmation">
            <summary>Instructs Selenium to click "Cancel" on the next JavaScript confirmation
            dialog to be raised. By default, the confirm function will return true,
            having the same effect as manually clicking OK. After running this
            command, the next confirmation will behave as if the user had clicked
            Cancel.
            </summary>
        </member>
        <member name="M:Selenium.DefaultSelenium.AnswerOnNextPrompt(System.String)">
            <summary>Instructs Selenium to return the specified answer string in response to
            the next JavaScript prompt [window.prompt()].
            </summary>
            <param name="answer">the answer to give in response to the prompt pop-up</param>
        </member>
        <member name="M:Selenium.DefaultSelenium.GoBack">
            <summary>Simulates the user clicking the "back" button on their browser.
            </summary>
        </member>
        <member name="M:Selenium.DefaultSelenium.Close">
            <summary>Simulates the user clicking the "close" button in the titlebar of a popup
            window or tab.
            </summary>
        </member>
        <member name="M:Selenium.DefaultSelenium.GetAlert">
            <summary>Retrieves the message of a javascript alert generated during the previous action, or fail if there were no alerts.
            
            <p>Getting an alert has the same effect as manually clicking OK. If an
            alert is generated but you do not get/verify it, the next Selenium action
            will fail.</p><p>NOTE: under Selenium, javascript alerts will NOT pop up a visible alert
            dialog.</p><p>NOTE: Selenium does NOT support javascript alerts that are generated in a
            page's onload() event handler. In this case a visible dialog WILL be
            generated and Selenium will hang until someone manually clicks OK.</p>
            </summary>
            <returns>The message of the most recent JavaScript alert</returns>
        </member>
        <member name="M:Selenium.DefaultSelenium.GetConfirmation">
            <summary>Retrieves the message of a javascript confirmation dialog generated during
            the previous action.
            
            <p>
            By default, the confirm function will return true, having the same effect
            as manually clicking OK. This can be changed by prior execution of the
            chooseCancelOnNextConfirmation command. If an confirmation is generated
            but you do not get/verify it, the next Selenium action will fail.
            </p><p>
            NOTE: under Selenium, javascript confirmations will NOT pop up a visible
            dialog.
            </p><p>
            NOTE: Selenium does NOT support javascript confirmations that are
            generated in a page's onload() event handler. In this case a visible
            dialog WILL be generated and Selenium will hang until you manually click
            OK.
            </p>
            </summary>
            <returns>the message of the most recent JavaScript confirmation dialog</returns>
        </member>
        <member name="M:Selenium.DefaultSelenium.GetPrompt">
            <summary>Retrieves the message of a javascript question prompt dialog generated during
            the previous action.
            
            <p>Successful handling of the prompt requires prior execution of the
            answerOnNextPrompt command. If a prompt is generated but you
            do not get/verify it, the next Selenium action will fail.</p><p>NOTE: under Selenium, javascript prompts will NOT pop up a visible
            dialog.</p><p>NOTE: Selenium does NOT support javascript prompts that are generated in a
            page's onload() event handler. In this case a visible dialog WILL be
            generated and Selenium will hang until someone manually clicks OK.</p>
            </summary>
            <returns>the message of the most recent JavaScript question prompt</returns>
        </member>
        <member name="M:Selenium.DefaultSelenium.GetAbsoluteLocation">
            <summary>Gets the absolute URL of the current page.
            </summary>
            <returns>the absolute URL of the current page</returns>
        </member>
        <member name="M:Selenium.DefaultSelenium.AssertLocation(System.String)">
            <summary>Verify the location of the current page ends with the expected location.
            If an URL querystring is provided, this is checked as well.
            </summary>
            <param name="expectedLocation">the location to match</param>
        </member>
        <member name="M:Selenium.DefaultSelenium.GetTitle">
            <summary>Gets the title of the current page.
            </summary>
            <returns>the title of the current page</returns>
        </member>
        <member name="M:Selenium.DefaultSelenium.GetBodyText">
            <summary>Get the entire text of the page.
            </summary>
            <returns>the entire text of the page</returns>
        </member>
        <member name="M:Selenium.DefaultSelenium.GetValue(System.String)">
            <summary>Gets the (whitespace-trimmed) value of an input field (or anything else with a value parameter).
            For checkbox/radio elements, the value will be "on" or "off" depending on
            whether the element is checked or not.
            </summary>
            <param name="locator">an <a href="#locators">element locator</a></param>
            <returns>the element value, or "on/off" for checkbox/radio elements</returns>
        </member>
        <member name="M:Selenium.DefaultSelenium.GetText(System.String)">
            <summary>Gets the text of an element. This works for any element that contains
            text. This command uses either the textContent (Mozilla-like browsers) or
            the innerText (IE-like browsers) of the element, which is the rendered
            text shown to the user.
            </summary>
            <param name="locator">an <a href="#locators">element locator</a></param>
            <returns>the text of the element</returns>
        </member>
        <member name="M:Selenium.DefaultSelenium.GetEval(System.String)">
            <summary>Gets the result of evaluating the specified JavaScript snippet.  The snippet may 
            have multiple lines, but only the result of the last line will be returned.
            
            <p>Note that, by default, the snippet will be run in the runner's test window, not in the window
            of your application.  To get the window of your application, you can use
            the JavaScript snippet <code>selenium.browserbot.getCurrentWindow()</code>, and then
            run your JavaScript in there.</p>
            </summary>
            <param name="script">the JavaScript snippet to run</param>
            <returns>the results of evaluating the snippet</returns>
        </member>
        <member name="M:Selenium.DefaultSelenium.GetChecked(System.String)">
            <summary>Get whether a toggle-button (checkbox/radio) is checked.  Fails if the specified element doesn't exist or isn't a toggle-button.
            </summary>
            <param name="locator">an <a href="#locators">element locator</a> pointing to a checkbox or radio button</param>
            <returns>either "true" or "false" depending on whether the checkbox is checked</returns>
        </member>
        <member name="M:Selenium.DefaultSelenium.GetTable(System.String)">
            <summary>Gets the text from a cell of a table. The cellAddress syntax
            tableLocator.row.column, where row and column start at 0.
            </summary>
            <param name="tableCellAddress">a cell address, e.g. "foo.1.4"</param>
            <returns>the text from the specified cell</returns>
        </member>
        <member name="M:Selenium.DefaultSelenium.AssertSelected(System.String,System.String)">
            <summary>Verifies that the selected option of a drop-down satisfies the optionSpecifier.
            
            <p>See the select command for more information about option locators.</p>
            </summary>
            <param name="locator">an <a href="#locators">element locator</a></param>
            <param name="optionLocator">an option locator, typically just an option label (e.g. "John Smith")</param>
        </member>
        <member name="M:Selenium.DefaultSelenium.GetSelectedOptions(System.String)">
            <summary>Gets all option labels for selected options in the specified select or multi-select element.
            </summary>
            <param name="locator">an <a href="#locators">element locator</a></param>
            <returns>an array of all option labels in the specified select drop-down</returns>
        </member>
        <member name="M:Selenium.DefaultSelenium.GetSelectOptions(System.String)">
            <summary>Gets all option labels in the specified select drop-down.
            </summary>
            <param name="locator">an <a href="#locators">element locator</a></param>
            <returns>an array of all option labels in the specified select drop-down</returns>
        </member>
        <member name="M:Selenium.DefaultSelenium.GetAttribute(System.String)">
            <summary>Gets the value of an element attribute.
            </summary>
            <param name="attributeLocator">an element locator followed by an</param>
            <returns>the value of the specified attribute</returns>
        </member>
        <member name="M:Selenium.DefaultSelenium.AssertTextPresent(System.String)">
            <summary>Verifies that the specified text pattern appears somewhere on the rendered page shown to the user.
            </summary>
            <param name="pattern">a <a href="#patterns">pattern</a> to match with the text of the page</param>
        </member>
        <member name="M:Selenium.DefaultSelenium.AssertTextNotPresent(System.String)">
            <summary>Verifies that the specified text pattern does NOT appear anywhere on the rendered page.
            </summary>
            <param name="pattern">a <a href="#patterns">pattern</a> to match with the text of the page</param>
        </member>
        <member name="M:Selenium.DefaultSelenium.AssertElementPresent(System.String)">
            <summary>Verifies that the specified element is somewhere on the page.
            </summary>
            <param name="locator">an <a href="#locators">element locator</a></param>
        </member>
        <member name="M:Selenium.DefaultSelenium.AssertElementNotPresent(System.String)">
            <summary>Verifies that the specified element is NOT on the page.
            </summary>
            <param name="locator">an <a href="#locators">element locator</a></param>
        </member>
        <member name="M:Selenium.DefaultSelenium.AssertVisible(System.String)">
            <summary>Verifies that the specified element is both present and visible. An
            element can be rendered invisible by setting the CSS "visibility"
            property to "hidden", or the "display" property to "none", either for the
            element itself or one if its ancestors.
            </summary>
            <param name="locator">an <a href="#locators">element locator</a></param>
        </member>
        <member name="M:Selenium.DefaultSelenium.AssertNotVisible(System.String)">
            <summary>Verifies that the specified element is NOT visible; elements that are
            simply not present are also considered invisible.
            </summary>
            <param name="locator">an <a href="#locators">element locator</a></param>
        </member>
        <member name="M:Selenium.DefaultSelenium.AssertEditable(System.String)">
            <summary>Verifies that the specified element is editable, ie. it's an input
            element, and hasn't been disabled.
            </summary>
            <param name="locator">an <a href="#locators">element locator</a></param>
        </member>
        <member name="M:Selenium.DefaultSelenium.AssertNotEditable(System.String)">
            <summary>Verifies that the specified element is NOT editable, ie. it's NOT an
            input element, or has been disabled.
            </summary>
            <param name="locator">an <a href="#locators">element locator</a></param>
        </member>
        <member name="M:Selenium.DefaultSelenium.GetAllButtons">
            <summary>Returns the IDs of all buttons on the page.
            
            <p>If a given button has no ID, it will appear as "" in this array.</p>
            </summary>
            <returns>the IDs of all buttons on the page</returns>
        </member>
        <member name="M:Selenium.DefaultSelenium.GetAllLinks">
            <summary>Returns the IDs of all links on the page.
            
            <p>If a given link has no ID, it will appear as "" in this array.</p>
            </summary>
            <returns>the IDs of all links on the page</returns>
        </member>
        <member name="M:Selenium.DefaultSelenium.GetAllFields">
            <summary>Returns the IDs of all input fields on the page.
            
            <p>If a given field has no ID, it will appear as "" in this array.</p>
            </summary>
            <returns>the IDs of all field on the page</returns>
        </member>
        <member name="M:Selenium.DefaultSelenium.SetContext(System.String,System.String)">
            <summary>Writes a message to the status bar and adds a note to the browser-side
            log.
            
            <p>If logLevelThreshold is specified, set the threshold for logging
            to that level (debug, info, warn, error).</p><p>(Note that the browser-side logs will <i>not</i> be sent back to the
            server, and are invisible to the Client Driver.)</p>
            </summary>
            <param name="context">the message to be sent to the browser</param>
            <param name="logLevelThreshold">one of "debug", "info", "warn", "error", sets the threshold for browser-side logging</param>
        </member>
        <member name="M:Selenium.DefaultSelenium.GetExpression(System.String)">
            <summary>Return the specified expression.
            
            <p>This is useful because of JavaScript preprocessing.
            It is used to generate commands like assertExpression and storeExpression.</p>
            </summary>
            <param name="expression">the value to return</param>
            <returns>the value passed in</returns>
        </member>
        <member name="M:Selenium.DefaultSelenium.WaitForCondition(System.String,System.String)">
            <summary>Runs the specified JavaScript snippet repeatedly until it evaluates to "true".
            The snippet may have multiple lines, but only the result of the last line
            will be considered.
            
            <p>Note that, by default, the snippet will be run in the runner's test window, not in the window
            of your application.  To get the window of your application, you can use
            the JavaScript snippet <code>selenium.browserbot.getCurrentWindow()</code>, and then
            run your JavaScript in there</p>
            </summary>
            <param name="script">the JavaScript snippet to run</param>
            <param name="timeout">a timeout in milliseconds, after which this command will return with an error</param>
        </member>
        <member name="M:Selenium.DefaultSelenium.SetTimeout(System.String)">
            <summary>Specifies the amount of time that Selenium will wait for actions to complete.
            
            <p>Actions that require waiting include "open" and the "waitFor*" actions.</p>
            The default timeout is 30 seconds.
            </summary>
            <param name="timeout">a timeout in milliseconds, after which the action will return with an error</param>
        </member>
        <member name="M:Selenium.DefaultSelenium.WaitForPageToLoad(System.String)">
            <summary>Waits for a new page to load.
            
            <p>You can use this command instead of the "AndWait" suffixes, "clickAndWait", "selectAndWait", "typeAndWait" etc.
            (which are only available in the JS API).</p><p>Selenium constantly keeps track of new pages loading, and sets a "newPageLoaded"
            flag when it first notices a page load.  Running any other Selenium command after
            turns the flag to false.  Hence, if you want to wait for a page to load, you must
            wait immediately after a Selenium command that caused a page-load.</p>
            </summary>
            <param name="timeout">a timeout in milliseconds, after which this command will return with an error</param>
        </member>
        <member name="P:Selenium.DefaultSelenium.Processor">
            <summary>
            The command processor that handles all of our Selenium commands
            </summary>
        </member>
        <member name="T:Selenium.HttpCommandProcessor">
            <summary>
            Sends commands and retrieves results via HTTP.
            </summary>
        </member>
        <member name="T:Selenium.ICommandProcessor">
            <summary>
            Provides a DoCommand method, which sends the command to the browser to be performed.
            </summary>
        </member>
        <member name="M:Selenium.ICommandProcessor.DoCommand(System.String,System.String[])">
            <summary>
            Send the specified Selenese command to the browser to be performed
            </summary>
            <param name="command">the Selenese command verb</param>
            <param name="args">the arguments to the Selenese command (depends on the verb)</param>
            <returns>the command result, defined by the Selenese JavaScript.  "getX" style
            	commands may return data from the browser</returns>
        </member>
        <member name="M:Selenium.ICommandProcessor.Start">
            <summary>
            Starts a new Selenium testing session
            </summary>
        </member>
        <member name="M:Selenium.ICommandProcessor.Stop">
            <summary>
            Ends the current Selenium testing session (normally killing the browser)
            </summary>
        </member>
        <member name="M:Selenium.ICommandProcessor.GetString(System.String,System.String[])">
            <summary>
            Runs the specified Selenese accessor (getter) command and returns the retrieved result
            </summary>
            <param name="command">the Selenese command verb</param>
            <param name="args">the arguments to the Selenese command (depends on the verb)</param>
            <returns>the result of running the accessor on the browser</returns>
        </member>
        <member name="M:Selenium.ICommandProcessor.GetStringArray(System.String,System.String[])">
            <summary>
            Runs the specified Selenese accessor (getter) command and returns the retrieved result
            </summary>
            <param name="command">the Selenese command verb</param>
            <param name="args">the arguments to the Selenese command (depends on the verb)</param>
            <returns>the result of running the accessor on the browser</returns>
        </member>
        <member name="M:Selenium.ICommandProcessor.GetNumber(System.String,System.String[])">
            <summary>
            Runs the specified Selenese accessor (getter) command and returns the retrieved result
            </summary>
            <param name="command">the Selenese command verb</param>
            <param name="args">the arguments to the Selenese command (depends on the verb)</param>
            <returns>the result of running the accessor on the browser</returns>
        </member>
        <member name="M:Selenium.ICommandProcessor.GetNumberArray(System.String,System.String[])">
            <summary>
            Runs the specified Selenese accessor (getter) command and returns the retrieved result
            </summary>
            <param name="command">the Selenese command verb</param>
            <param name="args">the arguments to the Selenese command (depends on the verb)</param>
            <returns>the result of running the accessor on the browser</returns>
        </member>
        <member name="M:Selenium.ICommandProcessor.GetBoolean(System.String,System.String[])">
            <summary>
            Runs the specified Selenese accessor (getter) command and returns the retrieved result
            </summary>
            <param name="command">the Selenese command verb</param>
            <param name="args">the arguments to the Selenese command (depends on the verb)</param>
            <returns>the result of running the accessor on the browser</returns>
        </member>
        <member name="M:Selenium.ICommandProcessor.GetBooleanArray(System.String,System.String[])">
            <summary>
            Runs the specified Selenese accessor (getter) command and returns the retrieved result
            </summary>
            <param name="command">the Selenese command verb</param>
            <param name="args">the arguments to the Selenese command (depends on the verb)</param>
            <returns>the result of running the accessor on the browser</returns>
        </member>
        <member name="M:Selenium.HttpCommandProcessor.#ctor(System.String,System.Int32,System.String,System.String)">
            <summary>
            Specifies a server host/port, a command to launch the browser, and a starting URL for the browser.
            </summary>
            <param name="serverHost">the host name on which the Selenium Server resides</param>
            <param name="serverPort">the port on which the Selenium Server is listening</param>
            <param name="browserStartCommand">the command string used to launch the browser, e.g. "*firefox" or "c:\\program files\\internet explorer\\iexplore.exe"</param>
            <param name="browserURL">the starting URL including just a domain name.  We'll start the browser pointing at the Selenium resources on this URL,
            e.g. "http://www.google.com" would send the browser to "http://www.google.com/selenium-server/SeleneseRunner.html"</param>
        </member>
        <member name="M:Selenium.HttpCommandProcessor.#ctor(System.String,System.String,System.String)">
            <summary>
            Specifies the URL to the server, a command to launch the browser, and a starting URL for the browser.
            </summary>
            <param name="serverURL">the URL of the Selenium Server Driver, e.g. "http://localhost:4444/selenium-server/driver/" (don't forget the final slash!)</param>
            <param name="browserStartCommand">the command string used to launch the browser, e.g. "*firefox" or "c:\\program files\\internet explorer\\iexplore.exe"</param>
            <param name="browserURL">the starting URL including just a domain name.  We'll start the browser pointing at the Selenium resources on this URL,
            e.g. "http://www.google.com" would send the browser to "http://www.google.com/selenium-server/SeleneseRunner.html"</param>
        </member>
        <member name="M:Selenium.HttpCommandProcessor.DoCommand(System.String,System.String[])">
            <summary>
            Send the specified Selenese command to the browser to be performed
            </summary>
            <param name="command">the Selenese command verb</param>
            <param name="args">the arguments to the Selenese command (depends on the verb)</param>
            <returns>the command result, defined by the Selenese JavaScript.  "getX" style
            	commands may return data from the browser</returns>
        </member>
        <member name="M:Selenium.HttpCommandProcessor.ReadResponse(System.Net.HttpWebResponse)">
            <summary>
            Retrieves the body of the HTTP response
            </summary>
            <param name="response">the response object to read</param>
            <returns>the body of the HTTP response</returns>
        </member>
        <member name="M:Selenium.HttpCommandProcessor.CreateWebRequest(Selenium.ISeleneseCommand)">
            <summary>
            Builds an HTTP request based on the specified Selenese Command
            </summary>
            <param name="command">the command we'll send to the server</param>
            <returns>an HTTP request, which will perform this command</returns>
        </member>
        <member name="M:Selenium.HttpCommandProcessor.Start">
            <summary>
            Creates a new browser session
            </summary>
        </member>
        <member name="M:Selenium.HttpCommandProcessor.Stop">
            <summary>
            Stops the previous browser session, killing the browser
            </summary>
        </member>
        <member name="M:Selenium.HttpCommandProcessor.GetString(System.String,System.String[])">
            <summary>
            Runs the specified Selenese accessor (getter) command and returns the retrieved result
            </summary>
            <param name="commandName">the Selenese command verb</param>
            <param name="args">the arguments to the Selenese command (depends on the verb)</param>
            <returns>the result of running the accessor on the browser</returns>
        </member>
        <member name="M:Selenium.HttpCommandProcessor.GetStringArray(System.String,System.String[])">
            <summary>
            Runs the specified Selenese accessor (getter) command and returns the retrieved result
            </summary>
            <param name="commandName">the Selenese command verb</param>
            <param name="args">the arguments to the Selenese command (depends on the verb)</param>
            <returns>the result of running the accessor on the browser</returns>
        </member>
        <member name="M:Selenium.HttpCommandProcessor.parseCSV(System.String)">
            <summary>
            Parse Selenium comma separated values.
            </summary>
            <param name="input">the comma delimited string to parse</param>
            <returns>the parsed comma-separated entries</returns>
        </member>
        <member name="M:Selenium.HttpCommandProcessor.GetNumber(System.String,System.String[])">
            <summary>
            Runs the specified Selenese accessor (getter) command and returns the retrieved result
            </summary>
            <param name="commandName">the Selenese command verb</param>
            <param name="args">the arguments to the Selenese command (depends on the verb)</param>
            <returns>the result of running the accessor on the browser</returns>
        </member>
        <member name="M:Selenium.HttpCommandProcessor.GetNumberArray(System.String,System.String[])">
            <summary>
            Runs the specified Selenese accessor (getter) command and returns the retrieved result
            </summary>
            <param name="commandName">the Selenese command verb</param>
            <param name="args">the arguments to the Selenese command (depends on the verb)</param>
            <returns>the result of running the accessor on the browser</returns>
        </member>
        <member name="M:Selenium.HttpCommandProcessor.GetBoolean(System.String,System.String[])">
            <summary>
            Runs the specified Selenese accessor (getter) command and returns the retrieved result
            </summary>
            <param name="commandName">the Selenese command verb</param>
            <param name="args">the arguments to the Selenese command (depends on the verb)</param>
            <returns>the result of running the accessor on the browser</returns>
        </member>
        <member name="M:Selenium.HttpCommandProcessor.GetBooleanArray(System.String,System.String[])">
            <summary>
            Runs the specified Selenese accessor (getter) command and returns the retrieved result
            </summary>
            <param name="commandName">the Selenese command verb</param>
            <param name="args">the arguments to the Selenese command (depends on the verb)</param>
            <returns>the result of running the accessor on the browser</returns>
        </member>
        <member name="P:Selenium.HttpCommandProcessor.Url">
            <summary>
            The server URL, to whom we send command requests
            </summary>
        </member>
        <member name="T:Selenium.SeleniumException">
            <summary>
            Thrown when a Selenium command fails.
            </summary>
        </member>
        <member name="M:Selenium.SeleniumException.#ctor">
            <summary>
            Creates a simple exception
            </summary>
        </member>
        <member name="M:Selenium.SeleniumException.#ctor(System.String)">
            <summary>
            Creates an exception with the specified message
            </summary>
            <param name="message">the message to add to the exception</param>
        </member>
    </members>
</doc>
